tweet_id,created_at,text,url,retweet_count,reply_count,like_count,quote_count,impression_count,user_profile_clicks,bookmark_count,url_link_clicks,total_engagements,engagement_rate,is_thread_head,is_thread_part,is_note_tweet,conversation_length,article
2079597178784506363,2026-07-21T15:59:39Z,Imagine receiving a text like this https://t.co/hKClW4O6GN,https://x.com/louiseivan/status/2079597178784506363,2,1,8,0,528,2,1,,14,0.026515151515151516,false,false,false,,
2079091442505683256,2026-07-20T06:30:02Z,"gahd, this just looks fucking beautiful . https://t.co/eVx7TATluf",https://x.com/louiseivan/status/2079091442505683256,2,5,17,0,544,5,0,,29,0.05330882352941176,false,false,false,,
2078729048520634732,2026-07-19T06:30:00Z,"gm, whose tokenmaxxing on the weekend?",https://x.com/louiseivan/status/2078729048520634732,0,5,14,0,407,2,0,,21,0.051597051597051594,false,false,false,,
2078366665537142949,2026-07-18T06:30:01Z,"crypto bros fighting so much about hardware wallets and seed phrases the past three days.

thank me later. https://t.co/BNQ3GKn8zF",https://x.com/louiseivan/status/2078366665537142949,3,4,22,0,838,10,0,,39,0.046539379474940336,false,false,false,,
2078177916429713753,2026-07-17T18:00:00Z,"- Ryder One shipped to thousands of users.
- We are currently securing million of assets after going live 10 months ago
- The round was led by @TimDraper with @anatoly of @Solana, covered on CNBC and Business Insider.
- Halborn secure-element audit and full specs:",https://x.com/louiseivan/status/2078177916429713753,0,0,3,0,87,0,0,,3,0.034482758620689655,false,false,true,,
2078177903289016322,2026-07-17T17:59:57Z,"This week's hardware wallet fight is the wrong argument. Ledger, Trezor, a clean iPhone, metal plates. Every side is circling the same failure point and calling it a device problem.

The real problem is the seed phrase and the onboarding around it. 10 years in crypto, I've been https://t.co/zGJ0FUrjci https://t.co/LWLPCJLH1J",https://x.com/louiseivan/status/2078177903289016322,6,8,13,0,2065,11,3,,41,0.019854721549636804,false,false,true,,
2077753470401359951,2026-07-16T13:53:24Z,"SORRY BUT THIS HOT TAKE BELONGS ON THE BIN.

As @Dantoshi pointed out, phones have an enormous attack surface. A device connected to the internet, running a full operating system, installing apps, receiving messages, and handling countless background processes is not a better https://t.co/uWgsWZBagH",https://x.com/louiseivan/status/2077753470401359951,2,1,15,0,1032,16,1,,35,0.03391472868217054,false,false,true,,
2077740326824063467,2026-07-16T13:01:11Z,4/ @Tangem vs Ryder https://t.co/U3MoibpeU0,https://x.com/louiseivan/status/2077740326824063467,0,0,1,0,131,1,0,,2,0.015267175572519083,false,true,false,,
2077740314849411302,2026-07-16T13:01:08Z,3/ @Trezor vs Ryder https://t.co/VacGE7QIOj,https://x.com/louiseivan/status/2077740314849411302,0,1,2,0,168,0,0,,3,0.017857142857142856,false,true,false,,
2077740302832746623,2026-07-16T13:01:05Z,2/ @Ledger vs Ryder https://t.co/OHl7DgkBXr,https://x.com/louiseivan/status/2077740302832746623,0,1,1,0,125,0,0,,2,0.016,false,true,false,,
2077740290618933563,2026-07-16T13:01:02Z,"1/ Our industry trained you to think a painful setup means you're safe.

They will make you fight through onboarding like it's 2017.

We tested the three biggest hardware wallet names against Ryder One UI/UX onboarding to prove it.

The result wasn't even close🧵 https://t.co/57uZq9xbF7",https://x.com/louiseivan/status/2077740290618933563,4,3,9,0,877,6,3,,25,0.028506271379703536,true,false,false,3,
2077467502901350787,2026-07-15T18:57:04Z,"Ryder vs. @Trezor: Who delivers the better onboarding experience?

P.S. Huge fan of @Dantoshi, @Trezor team, and their cool and handsome CEO @matej_zak

Trezor Safe 7 launch was easily one of the best product launches crypto has seen. https://t.co/vslcYEhHwM",https://x.com/louiseivan/status/2077467502901350787,5,5,19,1,1968,22,5,,57,0.028963414634146343,false,false,false,,
2077464465436811757,2026-07-15T18:45:00Z,"Ryder vs. @Trezor: Who delivers the better onboarding experience?

P.S. Huge fan of @Dantoshi, the @Trezor team, and their CEO, @matej_zak. The Safe 7 launch was easily one of the best product launches crypto has seen.",https://x.com/louiseivan/status/2077464465436811757,0,1,1,0,60,0,0,,2,0.03333333333333333,false,false,false,,
2077085048583725220,2026-07-14T17:37:20Z,"Ryder vs @Ledger on Crypto User Onboarding

Guess who wins this one? https://t.co/bqfG91I0T6",https://x.com/louiseivan/status/2077085048583725220,9,6,30,1,2585,24,5,,75,0.029013539651837523,false,false,false,,
2075626377026621923,2026-07-10T17:01:06Z,"Three years ago, @RyderWallet was just an idea.

Today, it won a Red Dot Design Award.

Still feels surreal. https://t.co/qpVwXFlGhg",https://x.com/louiseivan/status/2075626377026621923,9,8,65,1,2222,0,0,0,83,0.03735373537353735,false,false,false,,
2074927811878633657,2026-07-08T18:45:15Z,"The first 60 seconds decide whether someone actually adopts self-custody.

Ryder vs @Tangem: Who has the better onboarding? https://t.co/c8PcC7nP5v",https://x.com/louiseivan/status/2074927811878633657,4,12,31,0,4852,0,13,0,60,0.01236603462489695,false,false,false,,
2074136947090694573,2026-07-06T14:22:38Z,"People are getting laid off left and right in crypto.

I still remember when I got fired from my job because they forgot I was a ""student"" and legally couldn't keep working. FYI, i was there for a year and even got promoted. 😂

It sucked, but it ended up pushing me toward",https://x.com/louiseivan/status/2074136947090694573,2,34,122,0,9981,0,33,0,191,0.019136359082256287,false,false,true,,
2073040814121353577,2026-07-03T13:46:59Z,I couldn’t kill Ryder One it is waterproof 😂@CyberScrilla https://t.co/O99EEOtjLm https://t.co/8BZAr4n94p,https://x.com/louiseivan/status/2073040814121353577,3,3,11,0,518,0,0,0,17,0.032818532818532815,false,false,false,,
2072664684558491691,2026-07-02T12:52:23Z,"We're figuring out how to communicate what's happening in Europe with this MiCa thing for @RyderWallet

Curious to hear your thoughts? cc: @nishoutofwater https://t.co/g85f9X0sTg",https://x.com/louiseivan/status/2072664684558491691,4,6,20,0,962,0,0,0,30,0.031185031185031187,false,false,false,,
2072391041114849342,2026-07-01T18:45:02Z,"In the EU?

Your exchange may have just lost the legal right to hold your crypto.

Take control instead.

Get 20% off Ryder One with the code MoveForMICA. https://t.co/n7cr8CBuTH",https://x.com/louiseivan/status/2072391041114849342,2,5,10,0,738,0,0,0,17,0.023035230352303523,false,false,false,,
2069854320213008426,2026-06-24T18:45:00Z,What's your biggest lesson as a founder?,https://x.com/louiseivan/status/2069854320213008426,0,7,7,0,575,0,0,0,14,0.02434782608695652,false,false,false,,
2069491938664054831,2026-06-23T18:45:02Z,The only ice I'll need to cool down this summer https://t.co/rGAJg81ktj,https://x.com/louiseivan/status/2069491938664054831,2,9,27,0,855,0,0,0,38,0.044444444444444446,false,false,false,,
2068767156360425605,2026-06-21T18:45:00Z,"You don't need to be the ""smartest"" founder.

You just need to outlast most people.",https://x.com/louiseivan/status/2068767156360425605,0,5,12,0,465,0,1,0,18,0.03870967741935484,false,false,false,,
2068404768515744137,2026-06-20T18:45:00Z,"Some days I feel unstoppable.

Other days I question everything.

That's probably what building something meaningful feels like.",https://x.com/louiseivan/status/2068404768515744137,0,10,14,0,612,0,0,0,24,0.0392156862745098,false,false,false,,
2068042380272611508,2026-06-19T18:45:00Z,"The most underrated founder skill:

Staying excited after hearing ""no"" 500 times.",https://x.com/louiseivan/status/2068042380272611508,0,5,18,0,559,0,0,0,23,0.04114490161001789,false,false,false,,
2067317604809900096,2026-06-17T18:45:00Z,This honest review of Ryder One will be a banger 🚀 https://t.co/OSloyQKoPO,https://x.com/louiseivan/status/2067317604809900096,1,3,16,0,567,0,0,0,20,0.03527336860670194,false,false,false,,
2066955225173520637,2026-06-16T18:45:02Z,Current mood: Potatomaxxing https://t.co/foIH96WlsN,https://x.com/louiseivan/status/2066955225173520637,0,2,11,0,338,0,0,0,13,0.038461538461538464,false,false,false,,
2066592851367195096,2026-06-15T18:45:05Z,"@MarvinJanssen In case you're wondering we wrote about this thesis three years ago already.

https://t.co/ScN2kJybsh",https://x.com/louiseivan/status/2066592851367195096,0,0,1,0,153,0,0,0,1,0.006535947712418301,false,false,false,,
2066592838532681788,2026-06-15T18:45:02Z,"RATE THIS OUT OF 10.

I just finished creating all the brief for creators we are onboarding to @ryderwallet, here's my closing for them.

We are building the world's first true ""crypto"" neobank.

Imagine a financial app that gives you everything a bank does, without the bank.

&gt; https://t.co/SgqFIQZl96",https://x.com/louiseivan/status/2066592838532681788,1,7,17,0,935,0,0,0,25,0.026737967914438502,false,false,true,,
2065505670506725691,2026-06-12T18:45:01Z,"Just a small reminder that ""Ryder Earn"" is coming https://t.co/jT53nKJ1Ir",https://x.com/louiseivan/status/2065505670506725691,3,0,20,0,408,3,0,,26,0.06372549019607843,false,false,false,,
2065143277620498917,2026-06-11T18:45:00Z,"This is what we are releasing for @RyderWallet in the coming weeks

- Ryder Earn for @solana @Stacks
- Currency Selector
- Ability to remove tracking
- Address book
- Ryder User Guides in the App
- $XRP support
- Light Theme
- Multi-Language
- Ryder 2.0 (Neo-bank)

What did I",https://x.com/louiseivan/status/2065143277620498917,7,11,36,0,985,16,0,,70,0.07106598984771574,false,false,true,,
2064694198981521791,2026-06-10T13:00:31Z,I bet ur hardware wallet can't do this https://t.co/zcVzjVAi5Y,https://x.com/louiseivan/status/2064694198981521791,5,15,35,1,2639,19,0,,75,0.028419856006062904,false,false,false,,
2064349975061082448,2026-06-09T14:12:42Z,"Every Friday, we do a team demo where we all come together and make @RyderWallet better

→ What engineering did during the week
→ What's ready to ship
→ What's blocked and why
→ New UI/UX ideas to improve Ryder
→ Feedback from the entire team

Curious if you guys would love https://t.co/W701HjvS1X",https://x.com/louiseivan/status/2064349975061082448,2,11,30,0,765,3,1,,47,0.06143790849673202,false,false,true,,
2064056203773460666,2026-06-08T18:45:21Z,"We beat @Ledger on UI/UX onboarding

 and u don't even have to take my word for it https://t.co/EVPJX3Uctt",https://x.com/louiseivan/status/2064056203773460666,3,10,48,0,6183,117,8,,186,0.030082484230955848,false,false,false,,
2062968950460399973,2026-06-05T18:45:00Z,"The entire crypto space needs a reset.

Am I the only one that feels this way?",https://x.com/louiseivan/status/2062968950460399973,3,3,8,0,373,1,0,,15,0.040214477211796246,false,false,false,,
2062855925514355197,2026-06-05T11:15:53Z,"You can now import any existing wallets to @RyderWallet

Take your seed phrase and add TapSafe on top

Make unlimited bulletproof backups https://t.co/vwFfAVvkWv",https://x.com/louiseivan/status/2062855925514355197,1,3,7,0,245,0,0,,11,0.044897959183673466,false,false,false,,
2062783988176150759,2026-06-05T06:30:02Z,"Ryder One vs Ledger for UI/UX

Who do u think wins? https://t.co/WXMmC99mi2",https://x.com/louiseivan/status/2062783988176150759,5,7,21,0,1205,4,0,,37,0.030705394190871368,false,false,false,,
2062520054101754225,2026-06-04T13:01:15Z,"Elon musk started paying me on X every 2 weeks

Here's the 10-minute-a-day system that did it

Comment ""DADDYLOU"" and I'll DM you the guide https://t.co/pndoNF8Gxe",https://x.com/louiseivan/status/2062520054101754225,2,7,19,0,534,5,1,,34,0.06367041198501873,false,false,false,,
2062500633219915979,2026-06-04T11:44:05Z,"I agree with the first part.

After becoming an influencer myself on Instagram and consistently producing viral content, I've gained a very different perspective on the creator economy. 

In the last 30 days alone, I generated 9.3 million views from just 7 videos. That experience https://t.co/VClOjnsiNj",https://x.com/louiseivan/status/2062500633219915979,1,3,8,1,634,5,0,,18,0.028391167192429023,false,false,true,,
2062243238421860551,2026-06-03T18:41:17Z,@smsonx Hence I wanna work with you for creatives also you’re commission based which actually make sense at this level unlike others. Keep it up!,https://x.com/louiseivan/status/2062243238421860551,0,0,0,0,115,1,0,,1,0.008695652173913044,false,false,false,,
2062206483597832674,2026-06-03T16:15:14Z,"If you're a creator and can pull some really nice conversions, my DMs are wide open for u.

We currently have a VIP creator program at Ryder, if not, thank u next.",https://x.com/louiseivan/status/2062206483597832674,1,0,8,0,221,5,0,,14,0.06334841628959276,false,false,false,,
2062206471161647314,2026-06-03T16:15:11Z,"Crypto KOLs/influencers are one of the biggest scams in crypto.

After managing the affiliate program @ryderwallet, analyzing 8 weeks of data, and becoming an influencer myself on Instagram to learn, one thing became painfully obvious:

A huge portion of crypto YouTube and X https://t.co/riPoMwcm1T",https://x.com/louiseivan/status/2062206471161647314,9,10,43,4,6242,80,5,,151,0.02419096443447613,false,false,true,,
2061795046769430815,2026-06-02T13:00:20Z,"I think our intern at @RyderWallet is up to something

wdu guys think? https://t.co/SvzsklpgCP",https://x.com/louiseivan/status/2061795046769430815,6,9,28,0,689,4,0,,47,0.06821480406386067,false,false,false,,
2061778914565910931,2026-06-02T11:56:13Z,"@nikitabier this is an old post of mine but somehow the  text post changed. 

Can someone please tell me what sorcery is this on @X https://t.co/GrhCcmTUHQ",https://x.com/louiseivan/status/2061778914565910931,0,0,7,0,140,1,0,,8,0.05714285714285714,false,false,false,,
2061432847655911607,2026-06-01T13:01:05Z,let the hunger games begin https://t.co/l96dhAfijV,https://x.com/louiseivan/status/2061432847655911607,6,5,25,0,895,3,0,,39,0.04357541899441341,false,false,false,,
2061342085110714418,2026-06-01T07:00:25Z,"I would like to take this time to apologize to my co-founder @MarvinJanssen 

I made a mistake for all leaking all of our plans for @RyderWallet 

but if you want more alpha please follow this account coz I will never stop haha

sorry g. https://t.co/RwM6i7LY72",https://x.com/louiseivan/status/2061342085110714418,3,4,19,0,873,9,1,,36,0.041237113402061855,false,false,false,,
2060972100287144173,2026-05-31T06:30:14Z,"&gt; The @RyderWallet has a beautiful full-coloured display
&gt; costs less than premium most hardware wallets
&gt; even lights up on the sides so you can visually verify the Secure Element is actually working

wat else can u ask for? https://t.co/asF8fnF5c8 https://t.co/KIb2Hjhixr",https://x.com/louiseivan/status/2060972100287144173,6,6,17,0,2659,8,1,,38,0.01429108687476495,false,false,false,,
2060794629516362200,2026-05-30T18:45:02Z,"I couldn't help myself and post this, leak of our new branding.

sorry team. I just had to. https://t.co/1BVeNPzy0e",https://x.com/louiseivan/status/2060794629516362200,7,12,40,0,1465,17,1,,77,0.05255972696245734,false,false,false,,
2060247276430438890,2026-05-29T06:30:02Z,"Top 3 hardware wallets of all time

&gt; @Ledger
&gt; @Trezor
&gt; @Ryder https://t.co/DSUosyhVxU",https://x.com/louiseivan/status/2060247276430438890,7,13,30,0,1457,23,2,,75,0.05147563486616335,false,false,false,,
2060069858830959047,2026-05-28T18:45:03Z,"95% of crypto conferences are ""trash"". After 9 years in crypto, I'll say what most founders are too polite to.

But I drove from LA to Vegas to attend an event with one goal: get @RyderWallet in front of the @BitGo team.

The event was hosted around @TimDraper network. Curated. https://t.co/Fh8Yx7B62v",https://x.com/louiseivan/status/2060069858830959047,3,5,27,0,725,6,0,,41,0.05655172413793103,false,false,true,,
2059934302503088423,2026-05-28T09:46:24Z,@RyderWallet forgot to tag our designer @QuentinSaubadu,https://x.com/louiseivan/status/2059934302503088423,1,1,3,0,142,1,0,,6,0.04225352112676056,false,false,false,,
2059884907875480051,2026-05-28T06:30:07Z,"We believe the next billion-dollar crypto companies will not look like exchanges or your typical crypto wallets.

They will look like consumer banks for the internet generation.

and it is going to be @ryderwallet https://t.co/Hhk6Sn1zUr",https://x.com/louiseivan/status/2059884907875480051,7,8,33,0,1908,17,3,,68,0.03563941299790356,false,false,false,,
2059752235790172250,2026-05-27T21:42:56Z,❤️ https://t.co/FDfD0frmEW,https://x.com/louiseivan/status/2059752235790172250,2,3,8,0,257,0,0,,13,0.05058365758754864,false,false,false,,
2059621494242894233,2026-05-27T13:03:24Z,"To all $XRP holders 👋

We just completed our first XRPL testnet transaction signed directly with @RyderWallet firmware signing.

https://t.co/8xoi6Q3Q68

Imagine combining @XamanWallet with Ryder One hardware signing experience.

cc: @Ripple @dom_kwok @kwok_phil https://t.co/q2V4cRVzXK",https://x.com/louiseivan/status/2059621494242894233,5,5,23,0,982,14,0,0,47,0.04786150712830957,false,false,false,,
2059214715822215216,2026-05-26T10:07:01Z,Hey @ryderwallet intern he also follows me this isn't that special https://t.co/zRnMSyrqdT https://t.co/ykSrkMftDn,https://x.com/louiseivan/status/2059214715822215216,1,5,16,0,684,4,0,,26,0.038011695906432746,false,false,false,,
2059160135034077307,2026-05-26T06:30:08Z,with the @DraperDragon bosses @Andytang and @samizb proudly wearing our Bitcoin Ties. https://t.co/yVrbTZjGqh,https://x.com/louiseivan/status/2059160135034077307,4,2,24,0,602,14,0,,44,0.07308970099667775,false,false,false,,
2058896017303740497,2026-05-25T13:00:37Z,"Our brand account just crossed 20K followers 🚀

If you’re tired of ""typical"" crypto accounts and want:

→ real building in public
→ Gen Z founder and team energy
→ startup lessons in real time
→ crypto, hardware, growth, &amp; chaos all in one feed

Follow @RyderWallet

We’re https://t.co/Oh03ASOGcd",https://x.com/louiseivan/status/2058896017303740497,5,9,32,2,2289,6,1,,55,0.024027959807776323,false,false,true,,
2058797815271506425,2026-05-25T06:30:24Z,"A few months ago we partnered with @outpacestudios to redesign @TheFastPool by @RyderWallet

The goal was simple:

Make earning rewards on your $STX easier, clearer, and more accessible for everyday users.

The new experience now has:

→ Better transparency on rewards and https://t.co/iN2waEC7O9",https://x.com/louiseivan/status/2058797815271506425,13,3,41,0,1983,47,3,,107,0.05395864851235502,false,false,true,,
2058620306034721121,2026-05-24T18:45:02Z,"If you're a founder don’t raise too much money too early.

Some of the most disciplined execution at @RyderWallet happened when survival was on the line.

Forced focus creates better operators.",https://x.com/louiseivan/status/2058620306034721121,3,5,28,0,997,13,1,,50,0.05015045135406219,false,false,false,,
2058308186600296736,2026-05-23T22:04:47Z,We have 20 USD off if you sign up on the pop form in our website 🥺,https://x.com/louiseivan/status/2058308186600296736,0,0,1,0,153,1,0,,2,0.013071895424836602,false,false,false,,
2058257925811138758,2026-05-23T18:45:04Z,"We have an amazing news at @RyderWallet

are u ready for it? https://t.co/L1ec4kekTM",https://x.com/louiseivan/status/2058257925811138758,3,17,64,0,2348,48,1,,133,0.056643952299829645,false,false,false,,
2057802644568383737,2026-05-22T12:35:57Z,"if u own a Ledger, Trezor or Tangem u can now import ur wallet to Ryder One w/ our import seed phrase feature

what makes it even more special is you can add TapSafe on tap and create unlimited backups thru Recovery Tags / Recovery Contacts

Do u guys want me to make a tutorial? https://t.co/q26wQxHc4F",https://x.com/louiseivan/status/2057802644568383737,4,5,22,0,823,7,1,,39,0.04738760631834751,false,false,false,,
2057770445831553298,2026-05-22T10:28:00Z,"Great customer service. lol. 

We need to educate James. https://t.co/3UowyxRNZN",https://x.com/louiseivan/status/2057770445831553298,0,3,8,0,325,0,0,,11,0.033846153846153845,false,false,false,,
2057348195576107222,2026-05-21T06:30:08Z,"gm, gm, gm.",https://x.com/louiseivan/status/2057348195576107222,1,3,7,0,207,1,0,,12,0.057971014492753624,false,false,false,,
2056985810541723825,2026-05-20T06:30:08Z,Did @AudemarsPiguet Royal Pop happened asking for a fren? https://t.co/LKhVdrk8kM,https://x.com/louiseivan/status/2056985810541723825,1,2,10,0,718,5,0,,18,0.025069637883008356,false,false,false,,
2056808368686445021,2026-05-19T18:45:03Z,"Told you anons, don't fade on @ZestProtocol @TychoOnnasch https://t.co/7uMOCcuSYm",https://x.com/louiseivan/status/2056808368686445021,1,2,16,0,747,9,0,,28,0.03748326639892905,false,false,false,,
2056807358303449157,2026-05-19T18:41:02Z,@yommy_xy @Ryanair how can you make this better?,https://x.com/louiseivan/status/2056807358303449157,0,0,1,1,18,2,0,,4,0.2222222222222222,false,false,false,,
2056804363843080339,2026-05-19T18:29:08Z,P.S. I still kill them with smile and kindness.,https://x.com/louiseivan/status/2056804363843080339,0,0,1,0,42,0,0,,1,0.023809523809523808,false,false,false,,
2056804117838979299,2026-05-19T18:28:09Z,"THE WORST AIRPORT SERVICE IS JFK, NEXT IS LAX.

I flew 64x times last year from small mini cute airport to the biggest ones. JFK and LAX always have staff power trips.

Doesn't matter which class they are all the same.

Fight me about it.",https://x.com/louiseivan/status/2056804117838979299,1,4,7,0,595,2,0,,14,0.023529411764705882,false,false,false,,
2056623411519254703,2026-05-19T06:30:06Z,This is the only thing my finger will touch ATM https://t.co/UXBf27BcaA,https://x.com/louiseivan/status/2056623411519254703,2,5,12,0,383,1,0,,20,0.05221932114882506,false,false,false,,
2056480867187642656,2026-05-18T21:03:40Z,"If you own a Ryder One please comment down below

I would love to talk you!",https://x.com/louiseivan/status/2056480867187642656,2,6,13,0,630,4,0,,25,0.03968253968253968,false,false,false,,
2055634429914365970,2026-05-16T13:00:14Z,Not a cult is happening https://t.co/yZywPkuQrq,https://x.com/louiseivan/status/2055634429914365970,3,1,15,0,358,3,0,,22,0.061452513966480445,false,false,false,,
2055358823431549062,2026-05-15T18:45:04Z,"Someone hated Ryder One

If u guys don't know I do customer support for Ryder as well! This is the kind of hate we received.

They hate how smooth hardware wallet swap transactions are 😏

Big S/O to @swapsxyz a @moonpay company for being our provider to this banger experience https://t.co/Eookvc2ll4",https://x.com/louiseivan/status/2055358823431549062,2,1,14,0,451,3,0,,20,0.04434589800443459,false,false,false,,
2054779323983274457,2026-05-14T04:22:21Z,I’m a king 💜🫰 https://t.co/gUxp6oXkSG,https://x.com/louiseivan/status/2054779323983274457,0,1,4,0,162,1,0,,6,0.037037037037037035,false,false,false,,
2054775597948399677,2026-05-14T04:07:33Z,"One thing to remember as success grows: the more you achieve, the more you need to stay grounded

A wise man told me

Think of yourself like a tree the more you grow &amp; flourish, the stronger your roots should be, so you don’t lose yourself along the way

I think about this a lot",https://x.com/louiseivan/status/2054775597948399677,0,1,9,0,198,0,0,,10,0.050505050505050504,false,false,false,,
2054767358384759138,2026-05-14T03:34:48Z,"Means a lot coming from another marketeer! 

Thank you my guy @ChrisRuzArc https://t.co/Z09aJwfr58",https://x.com/louiseivan/status/2054767358384759138,0,0,1,0,106,0,0,,1,0.009433962264150943,false,false,false,,
2054430690226184390,2026-05-13T05:17:00Z,Almost Piguet https://t.co/YP8EqIpqhK,https://x.com/louiseivan/status/2054430690226184390,0,0,3,0,309,1,0,,4,0.012944983818770227,false,false,false,,
2054271661030219808,2026-05-12T18:45:05Z,"The ""coldest"" wallet you'll find out there https://t.co/nGWaFwbIMi",https://x.com/louiseivan/status/2054271661030219808,3,4,15,1,455,2,0,,25,0.054945054945054944,false,false,false,,
2053884605455868296,2026-05-11T17:07:03Z,@Ryanair I’ll go first no one,https://x.com/louiseivan/status/2053884605455868296,0,0,0,0,300,0,0,,0,0,false,false,false,,
2053677656198250876,2026-05-11T03:24:43Z,"Most founders say they’re “building in public.”

Few actually show:
• Ad performance struggles
• Runway math
• Role reshuffles
• Manufacturing mistakes

Transparency compounds.

Hype doesn’t.",https://x.com/louiseivan/status/2053677656198250876,1,0,10,0,334,4,0,,15,0.04491017964071856,false,false,false,,
2053082625032778074,2026-05-09T12:00:16Z,"this is banger post

it's all about perspective, agree to agree only",https://x.com/louiseivan/status/2053082625032778074,2,6,7,0,229,0,0,,15,0.06550218340611354,false,false,false,,
2052930285373681948,2026-05-09T01:54:56Z,"The chatGPT image prompt that turns your selfie into @2026MetGala look.

Create a hyper-realistic Met Gala portrait of me walking the red carpet. Keep my exact facial structure, skin texture, beard, hairstyle, eyes, and proportions accurate to the reference photos. Style should https://t.co/YWrmN2pWmh",https://x.com/louiseivan/status/2052930285373681948,0,1,8,0,1554,5,3,,17,0.010939510939510939,false,false,true,,
2052887360560406777,2026-05-08T23:04:22Z,Just went to METGALA for dinner https://t.co/YVw4U8AGBQ,https://x.com/louiseivan/status/2052887360560406777,0,1,2,0,68,1,0,,4,0.058823529411764705,false,false,false,,
2052637156238303339,2026-05-08T06:30:08Z,do not overthink ur post it won't solve world hunger,https://x.com/louiseivan/status/2052637156238303339,1,1,7,0,225,2,0,,11,0.04888888888888889,false,false,false,,
2052551582391435337,2026-05-08T00:50:06Z,This is the real europeanmaxxing. Add the wine and cigarettes. https://t.co/xLoGikY2rx,https://x.com/louiseivan/status/2052551582391435337,0,1,9,0,508,0,0,,10,0.01968503937007874,false,false,false,,
2052459806158737813,2026-05-07T18:45:25Z,"POV: a stranger you have never met explains, on camera, why the thing you spent almost 4 years building exists https://t.co/TCApzDsaNO",https://x.com/louiseivan/status/2052459806158737813,2,2,16,0,631,4,0,,24,0.03803486529318542,false,false,false,,
2052419744222130636,2026-05-07T16:06:13Z,Calling all twitch guys @LouiseDSadeleer is up for grabs https://t.co/8RRJLdg22Y,https://x.com/louiseivan/status/2052419744222130636,0,1,7,0,334,4,0,,12,0.03592814371257485,false,false,false,,
2051912417870033187,2026-05-06T06:30:17Z,"most Bitcoin projects are vaporware, raised tons &amp; no actual thing came out of it

&gt; So, don't fade on $ZEST
&gt; Founder is gigachad &amp; probably will revive ""Bitcoin DeFi""
&gt; @ZestProtocol raised small compared to @babylonlabs_io @BitlayerLabs
&gt; Product first vs narrative driven https://t.co/Kw5JAnAnbZ",https://x.com/louiseivan/status/2051912417870033187,6,6,46,0,1442,17,2,,77,0.05339805825242718,false,false,false,,
2051734966133043217,2026-05-05T18:45:09Z,"&gt; Tim Draper said no
&gt; Then he said yes
&gt; Now he gave me his Bitcoin tie

Go buy some @RyderWallet frens

If Uncle Tim likes it I do not see why u can't 😏 https://t.co/nOm9pYnk3W",https://x.com/louiseivan/status/2051734966133043217,6,9,53,1,2137,26,1,,96,0.044922788956481045,false,false,false,,
2051550007044809051,2026-05-05T06:30:12Z,The long game always works,https://x.com/louiseivan/status/2051550007044809051,1,2,6,0,237,1,0,,10,0.04219409282700422,false,false,false,,
2051161198230659424,2026-05-04T04:45:13Z,"top 3 most dangerous thing based on my experience

&gt;it's looking busy
&gt;meetings feel like progress
&gt;decks feel like strategy

the only thing that counts is what's shipping",https://x.com/louiseivan/status/2051161198230659424,1,2,13,0,425,3,0,,19,0.04470588235294118,false,false,false,,
2050100430320157121,2026-05-01T06:30:06Z,"This is my weight loss brunch. What am I doing wrong?

1800 cals per day → target: -2kg

Brunch:
→ 664 calories
→ 69.9g protein

Protein (2 scoops) — 43.6g
Strawberries — 0.25 cup
Siggi’s yogurt — 0.5 cup (12.8g protein)
Nut granola — 13.6g
Black coffee

#LouHealthmaxxing https://t.co/dPnJfjc3VV",https://x.com/louiseivan/status/2050100430320157121,1,5,16,0,1823,2,3,,27,0.014810751508502468,false,false,false,,
2049937345517158627,2026-04-30T19:42:03Z,Does me being super likeable means you guys will buy @RyderWallet 😍 https://t.co/8aGBpQJJnV,https://x.com/louiseivan/status/2049937345517158627,0,1,5,0,282,2,0,,8,0.028368794326241134,false,false,false,,
2049923078608855463,2026-04-30T18:45:22Z,"Thank you @solana!

Your ecosystem forever changed everything for us. https://t.co/yCKBfAezgo",https://x.com/louiseivan/status/2049923078608855463,4,7,38,1,1033,15,2,,67,0.06485963213939981,false,false,false,,
2049375656535031844,2026-04-29T06:30:06Z,"When we finally installed a Ryder One.

P.S. I know what you're thinking.",https://x.com/louiseivan/status/2049375656535031844,0,0,4,0,98,2,0,,6,0.061224489795918366,false,false,false,,
2049375644895805479,2026-04-29T06:30:03Z,"""Well, that's quick"" - she said
.
.
.
.
.
.
.
.
.
.
.
.
.
.
.
.
.
.
.
.
.
.
.
.
.
.
.
.
.
.
.",https://x.com/louiseivan/status/2049375644895805479,1,5,6,0,259,1,0,,13,0.05019305019305019,false,false,false,,
2049349057806807501,2026-04-29T04:44:25Z,"Arrived in VEGAS. I see more $XRP army than Bitcoiners atm.

Looks like a new era of crypto has arrived.",https://x.com/louiseivan/status/2049349057806807501,0,2,7,0,210,2,0,,11,0.05238095238095238,false,false,false,,
2049198295277523042,2026-04-28T18:45:20Z,"Is this how being a celebrity feels like?

Here are backstage snaps from my first TV appearance for @RyderWallet on @ABSCBNNews @ANCALERTS https://t.co/c71CfQRoyB",https://x.com/louiseivan/status/2049198295277523042,3,6,23,0,805,11,0,,43,0.05341614906832298,false,false,false,,
2049111576524062982,2026-04-28T13:00:45Z,"&gt; banks hold your money
&gt; exchanges hold your crypto
&gt; @RyderWallet is the first crypto account that holds nothing and gives you everything https://t.co/VKBre9Gui8",https://x.com/louiseivan/status/2049111576524062982,3,8,24,0,657,9,0,,44,0.0669710806697108,false,false,false,,
2049013311803736153,2026-04-28T06:30:17Z,"Apparently the winning strategy for X

&gt; yap yap yap
&gt; give hopium and dopamine hits
&gt; do rage baits from time to time
&gt; just post it, do not over think it
&gt; ur post is not gonna solve world hunger

What else did i miss?",https://x.com/louiseivan/status/2049013311803736153,2,10,22,0,381,6,1,,41,0.10761154855643044,false,false,false,,
2048835901128950207,2026-04-27T18:45:19Z,It's monday and just wanna say that self-custody can be beautiful https://t.co/7jESHG2T7f,https://x.com/louiseivan/status/2048835901128950207,4,8,33,0,764,10,0,,55,0.07198952879581152,false,false,false,,
2048749102738116675,2026-04-27T13:00:24Z,"🚨 GIVEAWAY ALERT FOR @RyderWallet

We just approved intern's giveaway budget for this month. Go crazy lads.

Accounts that you need to watch

&gt; @louiseivan
&gt; @MarvinJanssen
&gt; @RyderWallet

Go tell ur frends",https://x.com/louiseivan/status/2048749102738116675,11,24,60,1,1850,95,7,,198,0.10702702702702703,false,false,false,,
2048650890102620632,2026-04-27T06:30:08Z,"Thanking AI and whoever is enriching it.

Now, the possibilities are endless between me and my ideas.

We can all battle it out on execution.

You don't need to be a dev or designer to bring something to reality.

Perseverance + determination is all u need.

Good luck.",https://x.com/louiseivan/status/2048650890102620632,2,7,21,0,428,4,0,,34,0.0794392523364486,false,false,false,,
2048577226346754470,2026-04-27T01:37:26Z,@jesse_vermeulen also no gm for u,https://x.com/louiseivan/status/2048577226346754470,0,0,0,0,16,0,0,,0,0,false,false,false,,
2048473458661900590,2026-04-26T18:45:05Z,gm to those people who love matcha except for u @jesse_vermeulen https://t.co/SfDNx35YNr,https://x.com/louiseivan/status/2048473458661900590,2,10,39,0,1498,26,0,,77,0.0514018691588785,false,false,false,,
2048386671172002234,2026-04-26T13:00:14Z,"I’m almost done with the X playbook to beat the algorithm and unlock ad rev share. I’ll share it on Thursday, May 13.

If you want early access, drop “DADDYLOU” below and I'll share it to you this Thursday",https://x.com/louiseivan/status/2048386671172002234,1,16,29,0,1443,9,0,,55,0.038115038115038115,false,false,false,,
2048288484348375423,2026-04-26T06:30:04Z,"First few days of not giving a f*** and just posting all what I think and doing

coz social media should be fun

does this it work lads, gens, anon, X users?

also ""gm""",https://x.com/louiseivan/status/2048288484348375423,3,12,16,0,900,5,1,,37,0.04111111111111111,false,false,false,,
2048111070330626169,2026-04-25T18:45:05Z,"I'm transforming my body for the next 180 days with a celebrity trainer

Apparently I need to hit 160grams of protein

this is my 7'11 stack with 35g in the morning to hit it

I can also increase this to 45g by changing to savas with 30g of protein

Guess, ur boi is 90% protein https://t.co/aW2FaNX1ON",https://x.com/louiseivan/status/2048111070330626169,2,11,16,0,1931,17,2,,48,0.024857586742620404,false,false,true,,
2047926145170243827,2026-04-25T06:30:16Z,"What does a founder week actually look like fully remote? Here's mine.

&gt; Built our scaling influencer strategy off 8 weeks of real testing data: what worked, what didn’t, how we should scale &amp; ask our finance overlord @MarvinJanssen for budget approval for next iteration
&gt; https://t.co/u7b2u9Uf0P",https://x.com/louiseivan/status/2047926145170243827,1,9,33,0,941,15,1,,59,0.06269925611052073,false,false,true,,
2047748675246649660,2026-04-24T18:45:04Z,"Yes, you guess it right, the boi is still on plane",https://x.com/louiseivan/status/2047748675246649660,1,2,3,0,249,2,0,,8,0.0321285140562249,false,false,false,,
2047661956333740521,2026-04-24T13:00:28Z,Still wanna say I'm on plane flying,https://x.com/louiseivan/status/2047661956333740521,1,1,3,0,264,1,0,,6,0.022727272727272728,false,false,false,,
2047563766267871546,2026-04-24T06:30:18Z,"This is an automated post so I do not miss my streak on X.

ur boi is currently on a plane and ofcourse wifi here are dail up.",https://x.com/louiseivan/status/2047563766267871546,1,5,12,0,333,1,0,,19,0.057057057057057055,false,false,false,,
2047386281165152712,2026-04-23T18:45:02Z,gm.,https://x.com/louiseivan/status/2047386281165152712,0,1,2,0,42,1,0,,4,0.09523809523809523,false,false,false,,
2047299614437781509,2026-04-23T13:00:39Z,"Top 4 remote work place recommendations in Japan if you're a remote worker like me

&gt; Shared Lounge
&gt; Excelsior Cafe
&gt; Starbucks
&gt; Public Library

All will have excellent wifi, plugins and you can get locked-in like crazy. Thank me later gents. https://t.co/vnI8J3V49B",https://x.com/louiseivan/status/2047299614437781509,1,2,17,0,585,2,1,,23,0.039316239316239315,false,false,false,,
2047201334215250139,2026-04-23T06:30:07Z,"Changing this account language to really reflect my personality

I want you to feel this when you're on the screen of your phones

so let's gooooooooooooooooooooooooooo https://t.co/Q8n3x8H1qZ",https://x.com/louiseivan/status/2047201334215250139,1,4,25,0,519,5,0,,35,0.0674373795761079,false,false,false,,
2046914356462620689,2026-04-22T11:29:47Z,"We just won the same design award as Ferrari and Apple for a crypto hardware wallet.

Can I call myself now award winning foundoooooooor? https://t.co/uIv3527YER",https://x.com/louiseivan/status/2046914356462620689,9,16,58,0,2514,25,1,,109,0.04335719968178202,false,false,false,,
2046838988514943401,2026-04-22T06:30:17Z,Sorry not sorry but matcha is for boys too @jesse_vermeulen https://t.co/5qZIjEvI9c,https://x.com/louiseivan/status/2046838988514943401,1,5,19,0,782,10,1,,36,0.04603580562659847,false,false,false,,
2046735943017832822,2026-04-21T23:40:49Z,@RyderWallet intern make sure you hit them hard https://t.co/jhLO1VSJQ7,https://x.com/louiseivan/status/2046735943017832822,1,1,3,0,257,3,0,,8,0.0311284046692607,false,false,false,,
2046661521787560093,2026-04-21T18:45:06Z,"I finally met the legendary @danieldalen after almost 3 years.

We first crossed path on October 2023. https://t.co/ZSdEvLZl1d",https://x.com/louiseivan/status/2046661521787560093,1,2,22,0,677,19,0,,44,0.06499261447562776,false,false,false,,
2046576095466795214,2026-04-21T13:05:39Z,"Now that I've unlocked ad rev share

I'm now going to create personal brand that you would wanna follow

Curious to know what you would like to see here aside from shilling my baby @RyderWallet",https://x.com/louiseivan/status/2046576095466795214,1,6,19,0,448,6,1,,33,0.07366071428571429,false,false,false,,
2046493442424095171,2026-04-21T07:37:13Z,Oh wow it really works still,https://x.com/louiseivan/status/2046493442424095171,0,1,5,0,91,0,0,,6,0.06593406593406594,false,false,false,,
2046476546920329280,2026-04-21T06:30:05Z,"I talked to the @moonpay intern to give our @RyderWallet intern some tips to build the account

Alpha is ""gm"" still works?

I'm testing it

SO GM EVERYONE",https://x.com/louiseivan/status/2046476546920329280,1,35,84,0,3036,55,1,,176,0.057971014492753624,false,false,false,,
2046440788452868182,2026-04-21T04:07:59Z,Get locked in and get a Ryder 😘 https://t.co/faTcElLAdI,https://x.com/louiseivan/status/2046440788452868182,0,3,8,0,343,2,0,,13,0.037900874635568516,false,false,false,,
2046384698969248018,2026-04-21T00:25:06Z,Please tell me this works for follower conversion or else this intern is chop chop https://t.co/SGBvjHOGUB,https://x.com/louiseivan/status/2046384698969248018,1,5,14,0,474,2,1,,23,0.04852320675105485,false,false,false,,
2046344183225688439,2026-04-20T21:44:07Z,"Okay @LouiseDSadeleer 

how does @garrytan follows u 🥲 u single handedly eradicated my whole follower account with this one",https://x.com/louiseivan/status/2046344183225688439,0,0,2,0,77,1,0,,3,0.03896103896103896,false,false,false,,
2046341414909612234,2026-04-20T21:33:07Z,Follow this cool girly pop she makes banger videos on socials! https://t.co/JcG1tCSK0D,https://x.com/louiseivan/status/2046341414909612234,0,2,8,0,460,0,0,,10,0.021739130434782608,false,false,false,,
2046299118562357619,2026-04-20T18:45:02Z,"It’s 4.20, no smoking, just ryding.",https://x.com/louiseivan/status/2046299118562357619,1,5,10,0,517,4,1,,21,0.04061895551257253,false,false,false,,
2045936728859673043,2026-04-19T18:45:02Z,"3 most important hardware wallet ATM

&gt; @Ledger
&gt; @Trezor
&gt; @RyderWallet",https://x.com/louiseivan/status/2045936728859673043,4,12,39,0,1466,22,2,,79,0.0538881309686221,false,false,false,,
2045487603911360757,2026-04-18T13:00:22Z,"As Steve Jobs said, entrepreneurs who win have one clear trait: unending perseverance. https://t.co/1CQYSSHiXS",https://x.com/louiseivan/status/2045487603911360757,1,2,17,0,431,2,0,,22,0.05104408352668213,false,false,false,,
2045211954437038281,2026-04-17T18:45:02Z,"Self-custody or nothing.

That's the post.

Use my code: DADDYLOU for a founder discount.",https://x.com/louiseivan/status/2045211954437038281,5,4,25,0,691,14,0,,48,0.0694645441389291,false,false,false,,
2044664604207485334,2026-04-16T06:30:04Z,"Finally… my followers needed a shower.

- 282 followers.

X is purging bots, dormant accounts, and ghosts.

Thanks @nikitabier",https://x.com/louiseivan/status/2044664604207485334,1,4,16,0,454,30,0,,51,0.11233480176211454,false,false,false,,
2044400406806270271,2026-04-15T13:00:14Z,"POV: You googled 'best hardware wallet' and now you're more confused than before you started.""

If you're curious which one actually fits you, we broke it down with zero bias 👇 https://t.co/adePl2z5lD",https://x.com/louiseivan/status/2044400406806270271,3,3,19,0,712,9,0,25,59,0.08286516853932584,false,false,false,,
2044212409993453896,2026-04-15T00:33:12Z,"I was wrong

I thought content came after building, it doesn't it comes with it

&gt; every post = signal
&gt; every comment = user interview
&gt; every save = validation

Building in public isn’t marketing, it’s your fastest feedback loop",https://x.com/louiseivan/status/2044212409993453896,3,14,23,2,684,2,0,,44,0.06432748538011696,false,false,false,,
2043762510164295681,2026-04-13T18:45:28Z,"P.S. Three years ago I wrote about crypto neobanks. Here's the thesis that's held up  👇

I'll make an update about it since a lot has changed and I've been seeing banger threads from @defyneric

https://t.co/jqnckVZnoj",https://x.com/louiseivan/status/2043762510164295681,1,1,7,0,267,4,0,2,15,0.056179775280898875,false,false,false,,
2043762498160210237,2026-04-13T18:45:25Z,"The Philippines' Presidential News Network just featured @RyderWallet.

That's not a crypto podcast, web3 Twitter space or a panel in crypto conference.

That's mainstream distribution in a market where most people are still learning what crypto is.

This is exactly the gap we're https://t.co/jAYCxzARy5",https://x.com/louiseivan/status/2043762498160210237,7,13,41,1,2960,25,1,,88,0.02972972972972973,false,false,true,,
2043215058134769762,2026-04-12T06:30:05Z,"I used to think raising $$$$ would solve everything

it doesn't

&gt; capital buys time
&gt; execution buys survival
&gt; distribution buys dominance

three very different games with different playbooks",https://x.com/louiseivan/status/2043215058134769762,4,8,27,1,1017,9,0,,49,0.048180924287118974,false,false,false,,
2043037632339546238,2026-04-11T18:45:04Z,Is this what being cool on X feels like? https://t.co/jn9GVsTx4W,https://x.com/louiseivan/status/2043037632339546238,1,11,40,0,738,21,0,,73,0.0989159891598916,false,false,false,,
2042675242641035662,2026-04-10T18:45:03Z,"Thinking of what to tweet today, guess this is it.",https://x.com/louiseivan/status/2042675242641035662,1,18,37,0,1766,25,0,,81,0.045866364665911666,false,false,false,,
2042312864246206857,2026-04-09T18:45:05Z,"The quality of life here in Japan is ridiculous. Today is my 30th day here.

I’ve been coming here since I was 17 and now visit 2–3x a year, but I appreciate it way more as I get older.

&gt; clean &amp; safe streets
&gt; systems that actually work
&gt; respectful people
&gt; cost of living that https://t.co/WiPJy7hL4N",https://x.com/louiseivan/status/2042312864246206857,1,8,26,0,1256,6,0,,41,0.03264331210191083,false,false,true,,
2042270563054555325,2026-04-09T15:57:00Z,$XRP founder @JoelKatz loves Pepsi https://t.co/h4mmHlSnUa,https://x.com/louiseivan/status/2042270563054555325,0,1,5,0,305,2,0,,8,0.02622950819672131,false,false,false,,
2042244842227654791,2026-04-09T14:14:48Z,"What we won at @RyderWallet? 

I missed the memo. 

Need to check slack. Also, please no more alpha until we do final comms with sign off 🫰😏 https://t.co/eZMavKd2qU",https://x.com/louiseivan/status/2042244842227654791,0,2,9,0,349,0,0,,11,0.03151862464183381,false,false,false,,
2041588079044260305,2026-04-07T18:45:03Z,"Having a baby? In this economy?

the only thing I’m raising right now is @RyderWallet and that one already costs me sleep, money, and emotional stability.

Forgot to tell everyone: this was an April Fools post. https://t.co/tCinC2aAOJ",https://x.com/louiseivan/status/2041588079044260305,0,11,25,0,1154,7,0,,43,0.03726169844020797,false,false,false,,
2041403134615134372,2026-04-07T06:30:09Z,"X made me spend 40 minutes proving I’m a real person to collect ad revenue.

I had to go through a painful KYC just to get paid for posting on the internet.

&gt;ID
&gt;facial recognition
&gt;address
&gt;business docs
&gt;banking setup

Can I just paste my BTC or USDC address? @nikitabier https://t.co/XBq0VPk9t8",https://x.com/louiseivan/status/2041403134615134372,2,16,39,0,1362,18,0,,75,0.05506607929515418,false,false,false,,
2041040796049342673,2026-04-06T06:30:21Z,"Nobody’s talking about these @RyderWallet updates.

They should be. Watch in 13 seconds. https://t.co/EAdPG7HxTy",https://x.com/louiseivan/status/2041040796049342673,6,8,46,2,1684,28,1,,91,0.054038004750593824,false,false,false,,
2040863302931423476,2026-04-05T18:45:03Z,"You have to work as big as you dream

&gt;i grew up in the Philippines w/ no network
&gt;moved to Amsterdam alone at 21
&gt;worked for free. got rejected constantly
&gt;burned $1M. survived $42K in the bank. went a year w/o salary
&gt;$4.8M raised

the dream never changed. the work just had to https://t.co/LjpFqsB620",https://x.com/louiseivan/status/2040863302931423476,1,18,48,0,1664,34,4,,105,0.06310096153846154,false,false,true,,
2040500908963058168,2026-04-04T18:45:02Z,Just got off a call with @MarvinJanssen crazy to think we're already securing millions of assets in Ryder.,https://x.com/louiseivan/status/2040500908963058168,2,7,28,1,1143,12,1,,51,0.04461942257217848,false,false,false,,
2040138520531177946,2026-04-03T18:45:01Z,"121 days days of posting daily on @X

→ unlocked ad rev share
→ found my voice
→ built new relationships
→ proved storytelling &gt; algorithm
→ now using X as the test bed for Instagram
→ now doubling down on what’s working to scale even further https://t.co/4ZOMthITmy",https://x.com/louiseivan/status/2040138520531177946,1,14,32,0,1124,16,1,,64,0.05693950177935943,false,false,false,,
2039776137967259813,2026-04-02T18:45:03Z,This is my first Article on X https://t.co/x5yOXIRNZR,https://x.com/louiseivan/status/2039776137967259813,2,2,20,0,1212,7,0,,31,0.02557755775577558,false,false,false,,
2039687880877265352,2026-04-02T12:54:21Z,https://t.co/7D5ZthTRfc,https://x.com/louiseivan/status/2039687880877265352,4,3,33,2,2451,6,1,21,70,0.028559771521827825,false,false,false,,
2039206746368176299,2026-04-01T05:02:29Z,"@blond_ish I’m a fan thanks for engaging you were amazing. At every crypto party, I was always in the dance floor because of u!",https://x.com/louiseivan/status/2039206746368176299,1,0,2,0,199,7,1,,11,0.05527638190954774,false,false,false,,
2039145133615313086,2026-04-01T00:57:39Z,"I'm welcoming a twin!

new chapter unlocked.

Daddy Lou is coming. https://t.co/NOBqSMTNRo",https://x.com/louiseivan/status/2039145133615313086,4,64,187,1,5065,73,1,,330,0.06515301085883514,false,false,false,,
2039051375649370132,2026-03-31T18:45:06Z,"I unlocked X Ad Revenue Sharing after 87 days

Started X seriously on January 3
Since then:

&gt;5M impressions
&gt;Rev share unlocked
&gt;All with ~15 mins/day

Follow if you want the full playbook. I’ll break down exactly what worked and how I’m did the same on Instagram in 17 days. https://t.co/qvCElhiHNH",https://x.com/louiseivan/status/2039051375649370132,1,8,32,0,1577,37,1,,79,0.05009511731135067,false,false,false,,
2038688974735319328,2026-03-30T18:45:03Z,"3 brutal lessons from burning through $1M:

1. hiring someone to solve your problem
2. the product problem is rarely the actual problem
3. your first 100 users will tell you more than any investor

we learned all three the hard way.

you don't have to.",https://x.com/louiseivan/status/2038688974735319328,4,3,32,0,1285,15,1,,55,0.042801556420233464,false,false,false,,
2038141630495207620,2026-03-29T06:30:06Z,"Tim Draper passed on us.

two years later, he backed us. what changed?

&gt;we didn't pivot.
&gt;we went back to the same investor with proof instead of a deck.

the word ""no"" from the right person means ""not yet.""

learn to hear the difference. https://t.co/8S4j5Ulrup",https://x.com/louiseivan/status/2038141630495207620,5,6,29,0,1273,20,0,,60,0.04713275726630008,false,false,false,,
2037824726933098781,2026-03-28T09:30:50Z,@JJKcontents But JJK is fire,https://x.com/louiseivan/status/2037824726933098781,0,0,0,0,17,0,0,,0,0,false,false,false,,
2037794339875909763,2026-03-28T07:30:05Z,"The thing nobody tells you about social media:

&gt; the posts that feel most vulnerable performs the best
&gt; the polished updates get scrolled past
&gt; the honest ones get saved

your audience doesn't want your highlight reel.

they want to know you're human. some people don't get https://t.co/UNTnldaX18",https://x.com/louiseivan/status/2037794339875909763,4,4,26,0,615,3,0,,37,0.06016260162601626,false,false,true,,
2037616909680771215,2026-03-27T19:45:03Z,"&gt; mom left when I was 7
&gt; ran away from home at 16
&gt; moved abroad alone at 21
&gt; didn't speak to my dad for 4 years
&gt; got lost in a city where I knew nobody
&gt; worked for free to get my first break
&gt; raised $4.8M from Tier 1 VCs

entrepreneurship didn't save me. it gave me https://t.co/qwDlHRgqVq",https://x.com/louiseivan/status/2037616909680771215,5,31,166,1,5776,209,11,,423,0.07323407202216066,false,false,true,,
2037431961149739379,2026-03-27T07:30:07Z,"Whoever said organic media is hard is lying to you.

I posted 17 days straight on Instagram Reels &amp; went viral 4x. Here's the data from March 8 to 25.

&gt;4M imp
&gt;149K prof visits
&gt;2.5K new followers
&gt;315 clicked link in bio

Shall I drop the playbook after my X playbook?  Check my https://t.co/aIcTTOeGe4",https://x.com/louiseivan/status/2037431961149739379,1,7,17,0,750,7,0,,32,0.042666666666666665,false,false,true,,
2037254527162912827,2026-03-26T19:45:04Z,"hot take:

if you're waiting until your product is perfect to start talking about it - you've already lost.

distribution is not what you do after you build.
it's what you build alongside.

a founder with an audience is the new moat.

Seeing it first hand from this from these https://t.co/YWrLF0pPEG",https://x.com/louiseivan/status/2037254527162912827,5,19,45,0,2222,31,9,,109,0.049054905490549056,false,false,true,,
2037039743738012105,2026-03-26T05:31:35Z,"@aishasrv Now, I feel like I can do anything trolololol.",https://x.com/louiseivan/status/2037039743738012105,0,0,1,0,9,0,0,,1,0.1111111111111111,false,false,false,,
2036707174223941644,2026-03-25T07:30:05Z,"Our ""Crypto Consumer Hardware"" Startup @RyderWallet in numbers since we started:

→ 314 VCs pitched (seed)
→ 15 checks written (seed)
→ $3.2M raised in total (seed)
→ 1 Tim Draper who first said no, then said yes
→ 2+ years from sketch to shipped hardware
→ thousands of https://t.co/gx1d003wlj",https://x.com/louiseivan/status/2036707174223941644,6,7,50,1,1808,25,2,,91,0.05033185840707965,false,false,true,,
2036344781589410218,2026-03-24T07:30:04Z,"the best career advice I never got:

stop trying to get into rooms.
start building things worth being in rooms for.

I didn't network my way to VC funding.
I built something real, documented it obsessively, and the rooms started inviting me.

results open doors. hustle culture",https://x.com/louiseivan/status/2036344781589410218,2,3,26,1,1109,20,3,,55,0.04959422903516682,false,false,true,,
2036167358176436669,2026-03-23T19:45:03Z,"5 things I wish I knew before raising our first $1M:

1. warm intros aren't optional, they're the game
2. your pitch will be wrong 40 times before it's right
3. a no today is sometimes a yes in 6 months (Tim Draper proved this)
4. momentum is a fundraising strategy
5. the money",https://x.com/louiseivan/status/2036167358176436669,1,7,25,0,880,6,6,,45,0.05113636363636364,false,false,true,,
2035804966368264200,2026-03-22T19:45:02Z,"adoption isn't announced.
it's observed.

people are buying crypto through @MoonPay → securing it on @RyderWallet → not asking for help.

&gt;no friction.
&gt;no confusion.
&gt;just usage.

that's how you know you got something right.
not the press release. the behaviour.",https://x.com/louiseivan/status/2035804966368264200,2,0,16,0,650,3,2,,23,0.03538461538461538,false,false,false,,
2035257622048514424,2026-03-21T07:30:05Z,"I got robbed in London.
Lost a finger in Portugal.
Shopify and Striped blocked our store.
314 VCs said no.

I kept going.
not because I was fearless.
because I didn't know what else to do.

that's the real answer nobody gives you. https://t.co/VROrtDL61q",https://x.com/louiseivan/status/2035257622048514424,4,37,99,0,8355,301,8,,449,0.053740275284260924,false,false,false,,
2035080197280854140,2026-03-20T19:45:03Z,"i didn't know what a startup was until I was 18.

no ecosystem.
no mentor.
no network.

just YouTube, unstable wifi, and a kid who couldn't stop asking ""how did they build that?""

7 years later: venture-backed founder.

your environment isn't your ceiling. https://t.co/9DIGXbzLI8",https://x.com/louiseivan/status/2035080197280854140,8,6,26,0,1000,10,0,,50,0.05,false,false,false,,
2034717806571528689,2026-03-19T19:45:02Z,"most people giving advice online have never shipped a product.

never raised money.
never managed a team.
never missed payroll.

they've optimised their content.
that's it.

choose your teachers carefully.",https://x.com/louiseivan/status/2034717806571528689,3,7,27,0,792,12,2,,51,0.06439393939393939,false,false,false,,
2034457049845948485,2026-03-19T02:28:53Z,"Your ""NGMI"" if you're using chatGPT at work.

There's so much better AI models out there that performs wonders and magical.

I'm basically Naruto with kagebunshin with different skills than Rasengan.",https://x.com/louiseivan/status/2034457049845948485,0,0,0,0,58,0,0,,0,0,false,false,false,,
2034277280256860589,2026-03-18T14:34:33Z,"52 seconds.

That’s all you need to see the top 5 things we did at @RyderWallet the past few weeks👇 https://t.co/US25OhmlI4",https://x.com/louiseivan/status/2034277280256860589,6,6,27,0,1218,15,2,,56,0.04597701149425287,false,false,false,,
2033993044610191863,2026-03-17T19:45:06Z,"I learned this way too late as a founder.

The things that feel obvious to you
are usually not obvious to everyone else.

That’s why I’m learning content now.

Promoting what we’re building.
Talking about Ryder.
Documenting the journey.

Sometimes it feels cringe.

But honestly… https://t.co/DLSZBhfpsJ",https://x.com/louiseivan/status/2033993044610191863,3,5,27,0,783,10,0,,45,0.05747126436781609,false,false,true,,
2033630646728593631,2026-03-16T19:45:03Z,"Most founders say they’re “building in public.”

Few actually show:
• Ad performance struggles
• Runway math
• Role reshuffles
• Manufacturing mistakes

Transparency compounds.

Hype doesn’t.",https://x.com/louiseivan/status/2033630646728593631,3,4,20,0,550,4,0,,31,0.056363636363636366,false,false,false,,
2033083293495919097,2026-03-15T07:30:04Z,"At 27, I hit the number people call “retirement.”

The house.
The lifestyle.
No need to worry about $

But retirement was never the goal.

Freedom was.

Freedom to always learn and keep getting better.

So I kept going.

Now building @RyderWallet with an incredible team.",https://x.com/louiseivan/status/2033083293495919097,2,11,45,0,1766,41,1,,100,0.056625141562853906,false,false,false,,
2032818385067848158,2026-03-14T13:57:25Z,"I didn’t start with money or connections.

Just curiosity and the habit of asking:

Where is the opportunity here?

That mindset took me from a small town in the Philippines to building a venture-backed company. https://t.co/7N9PQTosRP",https://x.com/louiseivan/status/2032818385067848158,2,5,27,0,1124,10,1,,45,0.0400355871886121,false,false,false,,
2032660470965088345,2026-03-14T03:29:55Z,"Odds were against me.

I came from the Philippines
with no network in Silicon Valley.

Just curiosity, stubbornness, and the will to build.

That journey became Ryder.
Raised $4.8M and shipped Ryder worldwide.

Don’t give up on your idea. https://t.co/spu13OsaBI",https://x.com/louiseivan/status/2032660470965088345,3,3,31,0,1312,11,1,,49,0.037347560975609755,false,false,false,,
2032543508331114530,2026-03-13T19:45:09Z,"POV: You’re the photographer of the friend group.

They get cinematic shots.
You get one blurry pic taken in 0.5x. https://t.co/Dlh7f2anFJ",https://x.com/louiseivan/status/2032543508331114530,1,5,28,0,934,2,0,,36,0.03854389721627409,false,false,false,,
2032094338914885764,2026-03-12T14:00:19Z,"100 likes and @abhay tries to break Ryder One.

Let's make this happen! 👀 https://t.co/iSfBT5JOVq",https://x.com/louiseivan/status/2032094338914885764,7,13,52,1,1385,19,1,,93,0.06714801444043321,false,false,false,,
2031996156994269329,2026-03-12T07:30:11Z,We turned a $5K grant into $4.8M in funding. https://t.co/3V1upGhtwn,https://x.com/louiseivan/status/2031996156994269329,3,8,27,0,1529,7,2,,47,0.030739045127534337,false,false,false,,
2031633745422569833,2026-03-11T07:30:05Z,"I still don’t understand how this tweet went viral.

Put almost zero effort into it.

Just a B-roll + a punchy one-liner. https://t.co/MQBP3tYXV1",https://x.com/louiseivan/status/2031633745422569833,1,8,23,0,1486,9,0,,41,0.02759084791386272,false,false,false,,
2031271354499211299,2026-03-10T07:30:04Z,"What’s the craziest place you’ve used your hardware wallet?

I’m bringing this series back for @RyderWallet.

Buckle up gents, I bet your hardware wallet can't do this. https://t.co/6KPrWkheiI",https://x.com/louiseivan/status/2031271354499211299,3,1,13,0,754,3,0,,20,0.026525198938992044,false,false,false,,
2031093931795165256,2026-03-09T19:45:03Z,"Can I get a third sick photo at @SolanaConf in London?

I promise to bring the fits, the energy, and more Solana alpha to London with a new pinky.

Make it happen @vibhu @solana please https://t.co/LnsQ38H1V2",https://x.com/louiseivan/status/2031093931795165256,2,5,21,0,794,4,1,,33,0.041561712846347604,false,false,false,,
2030546578227003491,2026-03-08T07:30:04Z,"I stopped counting the months.

Just realized I’m 5 months sober.

Proud of that.

It wasn’t easy letting go of a habit I built for 10 years. https://t.co/WuguTaUNrw",https://x.com/louiseivan/status/2030546578227003491,1,11,28,0,1897,7,1,,48,0.025303110173958882,false,false,false,,
2030184186506793083,2026-03-07T07:30:03Z,"This is more than 2 years in the making, if we can do it, you can as well. https://t.co/kQkQNM94fR",https://x.com/louiseivan/status/2030184186506793083,1,3,18,0,671,3,0,,25,0.037257824143070044,false,false,false,,
2029821797907189969,2026-03-06T07:30:03Z,"I’m dropping my first video on X next Monday about what’s been happening at @RyderWallet.

Appreciate all the DMs pushing me to do this. If it performs, I’ll double down.

Keeping it under 60 seconds since our attention spans are basically goldfish now. https://t.co/RJ7wtN29zW",https://x.com/louiseivan/status/2029821797907189969,1,9,28,0,966,6,0,,44,0.045548654244306416,false,false,false,,
2029639211523989978,2026-03-05T19:24:31Z,"Your network is a byproduct.

Your product is the cause.

I didn’t chase rooms.
I chased results.

Results opened rooms.

Stop asking who you know.
Start asking what you’re building.",https://x.com/louiseivan/status/2029639211523989978,0,8,15,0,330,4,0,,27,0.08181818181818182,false,false,false,,
2029459414219145288,2026-03-05T07:30:04Z,"I went from almost 0 impressions to 5M in 3 months spending 10–15 minutes a day on X.

I’m writing the full playbook growth, monetization, everything.

What should I include? I'll also tell you how to avoid the comment slayer @nikitabier https://t.co/DveDecalos",https://x.com/louiseivan/status/2029459414219145288,1,4,18,0,715,8,0,,31,0.043356643356643354,false,false,false,,
2029195282894979382,2026-03-04T14:00:30Z,"This is probably one of the worst startup advice ever.

“Build a great product and they will come”

Without distribution, even a great product is invisible.

A founder building an audience is the new MVP.

Growing before launch means:
&gt; instant validation
&gt; momentum from day one https://t.co/WFv2wYyxXi",https://x.com/louiseivan/status/2029195282894979382,2,14,26,0,1629,15,5,,62,0.03806015960712093,false,false,true,,
2028734640597733415,2026-03-03T07:30:05Z,"Rejected. Broke. No network.

Now backed by @TimDraper

This is the real story 👇 https://t.co/uP4ozYG3cI",https://x.com/louiseivan/status/2028734640597733415,5,4,45,0,1506,15,1,,70,0.04648074369189907,false,false,false,,
2028372247514435968,2026-03-02T07:30:03Z,If you’re building from nothing this one’s for you. https://t.co/lwLmpiNihf,https://x.com/louiseivan/status/2028372247514435968,1,5,25,0,990,9,0,,40,0.04040404040404041,false,false,false,,
2028189600506618327,2026-03-01T19:24:17Z,"“I need more experience first.”

Experience comes from doing.
Not waiting.

No one handed us a title.
No one crowned us ready.

We built first.
Learned publicly.
Failed quietly.
Improved constantly.

You don’t need permission.
You need motion",https://x.com/louiseivan/status/2028189600506618327,3,3,21,0,538,7,0,,34,0.06319702602230483,false,false,false,,
2027832433312419932,2026-02-28T19:45:02Z,"&gt; My mom left when I was 7, didn't see or talked to her for 11 years
&gt; I run away from home at 16
&gt; At 21, I moved to the Netherlands for a clean slate
&gt; Didn't speak to my dad for 4 years
&gt; Study. Worked. Got lost to a city where I do not know anybody.
&gt; Got my break into S/NYC https://t.co/UXwwNz6Upo",https://x.com/louiseivan/status/2027832433312419932,2,19,63,0,3611,44,7,,135,0.03738576571586818,false,false,true,,
2027827216713760802,2026-02-28T19:24:18Z,"You don’t start with tier-1 partners.

You start with 1 user.

Then 10.
Then 100.

Nobody cared at the beginning.

We kept building.

Momentum compounds. https://t.co/FLFetJxhYC",https://x.com/louiseivan/status/2027827216713760802,2,4,24,0,655,13,2,,45,0.06870229007633588,false,false,false,,
2027531869773021587,2026-02-27T23:50:42Z,The real thing here is why my jeans are so tight 🥲,https://x.com/louiseivan/status/2027531869773021587,0,0,1,0,73,0,0,,1,0.0136986301369863,false,false,false,,
2027464832732057657,2026-02-27T19:24:19Z,"In 2017, I was just a community member in @Stacks.

No title.
No allocation.
No special access.

8 years later:
• Worked there for 4 years
• Co-founded Ryder
• Raised $4.8M
• Operate 57M+ STX in Fast Pool
• Now serving on the Treasury Committee

Long-term players win. https://t.co/cY2HWhlSe6",https://x.com/louiseivan/status/2027464832732057657,2,15,57,0,1660,30,4,,108,0.06506024096385542,false,false,false,,
2027102619403980847,2026-02-26T19:25:00Z,POV: You are the friends that's always locked-in https://t.co/SGaBwOuWdD,https://x.com/louiseivan/status/2027102619403980847,1,7,30,0,632,5,1,,44,0.06962025316455696,false,false,false,,
2026740215520330154,2026-02-25T19:24:57Z,"@dee_centralized @WalletConnect @pedrouid Worth the watch 👇
https://t.co/lnPSAYUpWZ",https://x.com/louiseivan/status/2026740215520330154,0,0,5,0,318,2,0,3,10,0.031446540880503145,false,false,false,,
2026740213905514665,2026-02-25T19:24:56Z,"WHO IS THIS GIRL?

Is the first question I had when I saw @dee_centralized keep popping on my timeline. I'm like she's doing great on socials.

Without realizing it, she built brand recall for @WalletConnect in my head.

I even told @pedrouid we should explore integrations with https://t.co/DQwaSzAG7O",https://x.com/louiseivan/status/2026740213905514665,3,10,61,0,3424,59,1,,134,0.039135514018691586,false,false,true,,
2026560312800149827,2026-02-25T07:30:04Z,"At the age of 20, I met @BarackObama

I had just won a US-government sponsored Startup Weekend and was selected as a delegate for his Asia visit.

Being in that room flipped a switch in me.

That’s when I knew: I’m building for life. https://t.co/WW7TKAuR2l",https://x.com/louiseivan/status/2026560312800149827,3,8,24,0,683,2,0,,37,0.05417276720351391,false,false,false,,
2026283988449411355,2026-02-24T13:12:04Z,"Hi I'm Louise Ivan 👋  

I grew up in a small town in the Philippines 🇵🇭 

No startup ecosystem.
No network.
Just unstable WiFi, a laptop and curiosity.

At 18, I discovered the word “startup.”

That moment changed everything.

I became obsessed.
Watched YouTube founders building https://t.co/33WqXqiiNd",https://x.com/louiseivan/status/2026283988449411355,4,24,80,1,1919,39,2,,150,0.0781657113079729,false,false,true,,
2025948939329929659,2026-02-23T15:00:42Z,"4.3M impressions in 90 days.
No threads. No team. No “content strategy.” 

In a few days my X will be monetized. Here’s what actually happened:

→ I stopped trying to be creative
→ I ran one thesis
→ Tested for 15-30 days timeline
→ Tracked what stuck
→ Fed the data into AI https://t.co/fxUy7MlM0t",https://x.com/louiseivan/status/2025948939329929659,0,13,27,0,774,16,4,,60,0.07751937984496124,false,false,true,,
2025662036777041933,2026-02-22T20:00:39Z,"success didn’t calm me down. clarity did. 

most people confuse the two.",https://x.com/louiseivan/status/2025662036777041933,1,2,14,0,418,2,0,,19,0.045454545454545456,false,false,false,,